{
 "class": "<class 'pmutt.reaction.Reaction'>",
 "reactants": [
  {
   "class": "<class 'pmutt.empirical.nasa.Nasa'>",
   "type": "nasa",
   "name": "H2",
   "phase": "G",
   "elements": {
    "H": 2
   },
   "notes": "TPIS78",
   "smiles": null,
   "model": null,
   "misc_models": [
    {
     "class": "<class 'pmutt.empirical.GasPressureAdj'>"
    }
   ],
   "a_low": [
    2.34433112,
    0.00798052075,
    -1.9478151e-05,
    2.01572094e-08,
    -7.37611761e-12,
    -917.935173,
    0.683010238
   ],
   "a_high": [
    3.3372792,
    -4.94024731e-05,
    4.99456778e-07,
    -1.79566394e-10,
    2.00255376e-14,
    -950.158922,
    -3.20502331
   ],
   "T_low": 200.0,
   "T_mid": 1000.0,
   "T_high": 3500.0,
   "cat_site": null,
   "n_sites": null
  },
  {
   "class": "<class 'pmutt.empirical.nasa.Nasa'>",
   "type": "nasa",
   "name": "O2",
   "phase": "G",
   "elements": {
    "O": 2
   },
   "notes": "TPIS89",
   "smiles": null,
   "model": null,
   "misc_models": [
    {
     "class": "<class 'pmutt.empirical.GasPressureAdj'>"
    }
   ],
   "a_low": [
    3.78245636,
    -0.00299673416,
    9.84730201e-06,
    -9.68129509e-09,
    3.24372837e-12,
    -1063.94356,
    3.65767573
   ],
   "a_high": [
    3.28253784,
    0.00148308754,
    -7.57966669e-07,
    2.09470555e-10,
    -2.16717794e-14,
    -1088.45772,
    5.45323129
   ],
   "T_low": 200.0,
   "T_mid": 1000.0,
   "T_high": 3500.0,
   "cat_site": null,
   "n_sites": null
  }
 ],
 "reactants_stoich": [
  1.0,
  0.5
 ],
 "products": [
  {
   "class": "<class 'pmutt.empirical.nasa.Nasa'>",
   "type": "nasa",
   "name": "H2O",
   "phase": "G",
   "elements": {
    "H": 2,
    "O": 1
   },
   "notes": "L 8/89",
   "smiles": null,
   "model": null,
   "misc_models": [
    {
     "class": "<class 'pmutt.empirical.GasPressureAdj'>"
    }
   ],
   "a_low": [
    4.19864056,
    -0.0020364341,
    6.52040211e-06,
    -5.48797062e-09,
    1.77197817e-12,
    -30293.7267,
    -0.849032208
   ],
   "a_high": [
    3.03399249,
    0.00217691804,
    -1.64072518e-07,
    -9.7041987e-11,
    1.68200992e-14,
    -30004.2971,
    4.9667701
   ],
   "T_low": 200.0,
   "T_mid": 1000.0,
   "T_high": 3500.0,
   "cat_site": null,
   "n_sites": null
  }
 ],
 "products_stoich": [
  1.0
 ],
 "transition_state": [
  {
   "class": "<class 'pmutt.reaction.bep.BEP'>",
   "name": "BEP",
   "slope": 0.2,
   "intercept": 100.0,
   "descriptor": "delta_H",
   "notes": null
  }
 ],
 "transition_state_stoich": [
  1.0
 ]
}